[{"__type__":"cc.SpriteFrame","content":{"name":"fire","texture":"11515c8a4","rect":[3,551,117,119],"offset":[-1.5,-1],"originalSize":[190,171],"capInsets":[0,0,0,0]}},[{"__type__":"cc.Prefab","_name":"target","data":{"__id__":1}},{"__type__":"cc.Node","_name":"target","_components":[{"__type__":"cc.Sprite","node":{"__id__":1},"_spriteFrame":{"__uuid__":"c0ueVqfV1MkpFVXBEOCTeE"},"_type":1,"_sizeMode":0}],"_prefab":{"__type__":"cc.PrefabInfo","root":{"__id__":1},"asset":{"__uuid__":"08LSw2pGtEo63KwgojMBPZ"},"fileId":"e37pajSRlAC6p0ryq2yL1P"},"_opacity":176,"_contentSize":{"__type__":"cc.Size","width":8,"height":8},"_trs":{"__type__":"TypedArray","ctor":"Float64Array","array":[0,0,0,0,0,0,1,1,1,1]},"_zIndex":0}],{"__type__":"cc.SpriteFrame","content":{"name":"normal_green","texture":"11515c8a4","rect":[411,287,94,95],"offset":[0.5,0],"originalSize":[95,95],"rotated":1,"capInsets":[0,0,0,0]}},{"__type__":"cc.SpriteFrame","content":{"name":"normal_blue","texture":"11515c8a4","rect":[151,257,94,95],"offset":[0.5,0],"originalSize":[95,95],"rotated":1,"capInsets":[0,0,0,0]}},[{"__type__":"cc.Prefab","_name":"leaderboard-entry","data":{"__id__":1}},{"__type__":"cc.Node","_name":"leaderboard-entry","_children":[{"__type__":"cc.Node","_name":"rank-icon","_parent":{"__id__":1},"_prefab":{"__type__":"cc.PrefabInfo","root":{"__id__":1},"asset":{"__uuid__":"155WKHE/hPzbwCqio/kGjy"},"fileId":"97Rns+4G5M1bqwVlA/fJRl"},"_contentSize":{"__type__":"cc.Size","width":25,"height":21},"_trs":{"__type__":"TypedArray","ctor":"Float64Array","array":[-67,3,0,0,0,0,1,0.8,0.8,1]},"_zIndex":0},{"__id__":2},{"__id__":3},{"__id__":4},{"__id__":5}],"_prefab":{"__type__":"cc.PrefabInfo","root":{"__id__":1},"asset":{"__uuid__":"155WKHE/hPzbwCqio/kGjy"},"fileId":"90J3B/QmNFs5AB0nYcH4Dp"},"_contentSize":{"__type__":"cc.Size","width":160,"height":25},"_trs":{"__type__":"TypedArray","ctor":"Float64Array","array":[0,77.5,0,0,0,0,1,1,1,1]},"_zIndex":0},{"__type__":"cc.Node","_name":"rank","_parent":{"__id__":1},"_components":[{"__type__":"cc.Label","node":{"__id__":2},"_useOriginalSize":false,"_string":"1","_N$string":"1","_fontSize":16,"_lineHeight":20,"_N$file":{"__uuid__":"7cdiSNMDRJ5YaLP+hB1G+M"},"_isSystemFontUsed":false,"_N$horizontalAlign":1,"_N$verticalAlign":1}],"_prefab":{"__type__":"cc.PrefabInfo","root":{"__id__":1},"asset":{"__uuid__":"155WKHE/hPzbwCqio/kGjy"},"fileId":"bdlZFpKi1I86eq6RlrJa8H"},"_contentSize":{"__type__":"cc.Size","width":5.09,"height":20},"_anchorPoint":{"__type__":"cc.Vec2","x":1,"y":0.5},"_trs":{"__type__":"TypedArray","ctor":"Float64Array","array":[-57,0,0,0,0,0,1,1,1,1]},"_zIndex":0},{"__type__":"cc.Node","_name":"name","_parent":{"__id__":1},"_components":[{"__type__":"cc.Label","node":{"__id__":3},"_useOriginalSize":false,"_string":"WWWWWWWWWW","_N$string":"WWWWWWWWWW","_fontSize":14,"_lineHeight":18,"_N$file":{"__uuid__":"7cdiSNMDRJ5YaLP+hB1G+M"},"_isSystemFontUsed":false,"_N$horizontalAlign":1,"_N$verticalAlign":1}],"_prefab":{"__type__":"cc.PrefabInfo","root":{"__id__":1},"asset":{"__uuid__":"155WKHE/hPzbwCqio/kGjy"},"fileId":"734tZWyG9MuJp0gRJ+fjvr"},"_contentSize":{"__type__":"cc.Size","width":114.78,"height":18},"_anchorPoint":{"__type__":"cc.Vec2","y":0.5},"_trs":{"__type__":"TypedArray","ctor":"Float64Array","array":[-53.9,0,0,0,0,0,1,1,1,1]},"_zIndex":0},{"__type__":"cc.Node","_name":"score-icon","_parent":{"__id__":1},"_components":[{"__type__":"cc.Sprite","node":{"__id__":4},"_spriteFrame":{"__uuid__":"62u/lHKaBDrp2z84w+MfOW"},"_sizeMode":0}],"_prefab":{"__type__":"cc.PrefabInfo","root":{"__id__":1},"asset":{"__uuid__":"155WKHE/hPzbwCqio/kGjy"},"fileId":"29mnTyEBBNOqFWynuUEjY7"},"_contentSize":{"__type__":"cc.Size","width":22,"height":22},"_trs":{"__type__":"TypedArray","ctor":"Float64Array","array":[91.8,2,0,0,0,0,1,0.7,0.7,1]},"_zIndex":0},{"__type__":"cc.Node","_name":"score","_parent":{"__id__":1},"_components":[{"__type__":"cc.Label","node":{"__id__":5},"_useOriginalSize":false,"_string":"99","_N$string":"99","_fontSize":20,"_lineHeight":20,"_N$file":{"__uuid__":"7cdiSNMDRJ5YaLP+hB1G+M"},"_isSystemFontUsed":false,"_N$verticalAlign":1}],"_prefab":{"__type__":"cc.PrefabInfo","root":{"__id__":1},"asset":{"__uuid__":"155WKHE/hPzbwCqio/kGjy"},"fileId":"e6KtDErlZJ7afHEvs7fNKq"},"_contentSize":{"__type__":"cc.Size","width":24.65,"height":20},"_anchorPoint":{"__type__":"cc.Vec2","x":1,"y":0.5},"_trs":{"__type__":"TypedArray","ctor":"Float64Array","array":[82.8,1,0,0,0,0,1,0.8,0.8,1]},"_zIndex":0}],[{"__type__":"cc.SceneAsset","_name":"game","scene":{"__id__":1},"asyncLoadAssets":null},{"__type__":"cc.Scene","_name":"New Node","_children":[{"__id__":2}],"_active":false,"_anchorPoint":{"__type__":"cc.Vec2"},"_trs":{"__type__":"TypedArray","ctor":"Float64Array","array":[0,0,0,0,0,0,1,1,1,1]},"autoReleaseAssets":false},{"__type__":"cc.Node","_name":"Canvas","_parent":{"__id__":1},"_children":[{"__id__":3},{"__id__":4},{"__id__":5},{"__id__":7}],"_components":[{"__type__":"cc.Canvas","node":{"__id__":2}},{"__type__":"9353alEtjFNbItXpbB1+rL+","node":{"__id__":2}},{"__id__":16},{"__type__":"2279cDiA/NJmJt70uxiHI7z","node":{"__id__":2},"uiRoot":{"__id__":7},"skillFrames":[{"__uuid__":"05I3KWK2xAfIAAiPqZHIDq"},{"__uuid__":"a8Ouhx+B9BM6uHBx7EI642"},{"__uuid__":"d8plYg/2JJ7akYPNhwy1rN"}],"normalFrames":[{"__uuid__":"628rFsppNKq5k6f2kXLice"},{"__uuid__":"104gbR0h5IxKXe/P3r1iT1"},{"__uuid__":"085Jp54bpIVrRTf8DKGdYF"}],"bgFrames":[{"__uuid__":"2eWTMre7pEm74VlnSbqVg7"},{"__uuid__":"2e6nybXTBGNLO7JKn55H6Q"},{"__uuid__":"66OfQEYRpOSJvZBOlXHjGa"}]},{"__type__":"cc.Widget","node":{"__id__":2},"_alignFlags":45}],"_contentSize":{"__type__":"cc.Size","width":960,"height":640},"_trs":{"__type__":"TypedArray","ctor":"Float64Array","array":[480,320,0,0,0,0,1,1,1,1]},"_id":"00WbBrtLdC87ysLkH21+WQ"},{"__type__":"cc.Node","_name":"Main Camera","_parent":{"__id__":2},"_components":[{"__type__":"cc.Camera","node":{"__id__":3},"_cullingMask":2,"_nearClip":0.1}],"_trs":{"__type__":"TypedArray","ctor":"Float64Array","array":[0,0,760.3703045227372,0,0,0,1,1,1,1]}},{"__type__":"cc.Node","_name":"map","_parent":{"__id__":2},"_active":false,"_contentSize":{"__type__":"cc.Size","width":2048,"height":2048},"_anchorPoint":{"__type__":"cc.Vec2"},"_trs":{"__type__":"TypedArray","ctor":"Float64Array","array":[-608,-448,0,0,0,0,1,1,1,1]}},{"__type__":"cc.Node","_name":"worldRoot","_parent":{"__id__":2},"_children":[{"__id__":6}],"_components":[{"__type__":"cc.Widget","node":{"__id__":5},"_alignFlags":5,"_top":-4360,"_originalHeight":5000}],"_contentSize":{"__type__":"cc.Size","width":5000,"height":5000},"_anchorPoint":{"__type__":"cc.Vec2"},"_trs":{"__type__":"TypedArray","ctor":"Float64Array","array":[-480,-320,0,0,0,0,1,1,1,1]}},{"__type__":"cc.Node","_name":"Game Camera","_parent":{"__id__":5},"_components":[{"__type__":"cc.Camera","node":{"__id__":6},"_cullingMask":-3,"_clearFlags":7,"_depth":-1,"_nearClip":0.1},{"__type__":"9c66egflVFCbL4YF55lXtB/","node":{"__id__":6}},{"__type__":"cc.Widget","node":{"__id__":6},"alignMode":0,"_target":{"__id__":2},"_alignFlags":45}],"_contentSize":{"__type__":"cc.Size","width":960,"height":640},"_trs":{"__type__":"TypedArray","ctor":"Float64Array","array":[480,320,0,0,0,0,1,1,1,1]}},{"__type__":"cc.Node","_name":"uiRoot","_parent":{"__id__":2},"_children":[{"__id__":8},{"__id__":13},{"__id__":24},{"__id__":25},{"__id__":40},{"__id__":29},{"__id__":32},{"__id__":35},{"__id__":44},{"__id__":28},{"__id__":17},{"__id__":21},{"__id__":23},{"__id__":46}],"_components":[{"__type__":"cc.Widget","node":{"__id__":7},"_alignFlags":5,"_originalWidth":960,"_originalHeight":640}],"_contentSize":{"__type__":"cc.Size","width":960,"height":640},"_trs":{"__type__":"TypedArray","ctor":"Float64Array","array":[0,0,0,0,0,0,1,1,1,1]},"_groupIndex":1,"groupIndex":1},{"__type__":"cc.Node","_name":"leaderboard","_parent":{"__id__":7},"_children":[{"__id__":9},{"__id__":10},{"__id__":11}],"_components":[{"__id__":12},{"__type__":"cc.Widget","node":{"__id__":8},"_alignFlags":9,"_left":-51,"_top":6}],"_contentSize":{"__type__":"cc.Size","width":320,"height":210},"_trs":{"__type__":"TypedArray","ctor":"Float64Array","array":[-371,209,0,0,0,0,1,1,1,1]}},{"__type__":"cc.Node","_name":"bg","_parent":{"__id__":8},"_components":[{"__type__":"cc.Sprite","node":{"__id__":9},"_materials":[{"__uuid__":"ecpdLyjvZBwrvm+cedCcQy"}],"_spriteFrame":{"__uuid__":"a13GVL6GNCxazbjeTvYYnu"}}],"_contentSize":{"__type__":"cc.Size","width":172,"height":176},"_trs":{"__type__":"TypedArray","ctor":"Float64Array","array":[0,5.2,0,0,0,0,1,1.1,0.9,1]}},{"__type__":"cc.Node","_name":"lb_title","_parent":{"__id__":8},"_components":[{"__type__":"cc.Sprite","node":{"__id__":10},"_materials":[{"__uuid__":"ecpdLyjvZBwrvm+cedCcQy"}],"_spriteFrame":{"__uuid__":"2coVa290ND3ogkmHQkZl/K"}}],"_contentSize":{"__type__":"cc.Size","width":137,"height":44},"_trs":{"__type__":"TypedArray","ctor":"Float64Array","array":[2,83,0,0,0,0,1,1,1,1]}},{"__type__":"cc.Node","_name":"content","_parent":{"__id__":8},"_components":[{"__type__":"cc.Layout","node":{"__id__":11},"_layoutSize":{"__type__":"cc.Size","width":185,"height":135},"_N$layoutType":2,"_N$affectedByScale":true}],"_contentSize":{"__type__":"cc.Size","width":185,"height":135},"_trs":{"__type__":"TypedArray","ctor":"Float64Array","array":[-12,-1.8,0,0,0,0,1,1,1,1]}},{"__type__":"437178fOrVOcaorDxSqW/zb","node":{"__id__":8},"entryPrefab":{"__uuid__":"155WKHE/hPzbwCqio/kGjy"},"content":{"__id__":11},"ranks":[{"__uuid__":"b1nau02WhCL65NNGoWZDJd"},{"__uuid__":"ee2eKtrshHt7Vp1k14f2+z"},{"__uuid__":"80DkLio5hHj7JACMu+nes5"}]},{"__type__":"cc.Node","_name":"debug","_parent":{"__id__":7},"_children":[{"__id__":14}],"_components":[{"__type__":"2e362pHwmlAnbc5G8cVVug2","node":{"__id__":13},"game":{"__id__":16},"debugInfoText":{"__id__":15}},{"__type__":"cc.Widget","node":{"__id__":13},"_alignFlags":9,"_left":431.63,"_top":13.5}],"_contentSize":{"__type__":"cc.Size","width":96.74,"height":25},"_trs":{"__type__":"TypedArray","ctor":"Float64Array","array":[-7.105427357601002e-15,294,0,0,0,0,1,1,1,1]}},{"__type__":"cc.Node","_name":"info","_parent":{"__id__":13},"_components":[{"__id__":15}],"_contentSize":{"__type__":"cc.Size","height":31.5},"_trs":{"__type__":"TypedArray","ctor":"Float64Array","array":[0,0,0,0,0,0,1,1,1,1]}},{"__type__":"cc.Label","node":{"__id__":14},"_materials":[{"__uuid__":"ecpdLyjvZBwrvm+cedCcQy"}],"_useOriginalSize":false,"_fontSize":20,"_lineHeight":25,"_N$horizontalAlign":1,"_N$verticalAlign":1},{"__type__":"3d5bfZRQ/VJAbNoawKUTATx","node":{"__id__":2},"worldRoot":{"__id__":5},"map":{"__id__":4},"killerPopup":{"__id__":17},"notifier":{"__id__":20},"leaderboard":{"__id__":12},"miniMap":{"__id__":22},"playerPrefabs":[{"__uuid__":"1dEUPFLk9C1KqZidlFyIVN"},{"__uuid__":"99M58uaA5A/qBG9F+DdbSU"},{"__uuid__":"ddIaLBYhhJ/p5KZcnNkGmW"}],"bombPrefab":{"__uuid__":"d3ecRSNvNFmqvaf5qoVwbe"},"expBublePrefab":{"__uuid__":"748mC3P1FJH4+L5IrEYUYH"},"targetPrefab":{"__uuid__":"b1pq2WufdF4JSdYXowIfWn"},"mcFrames":[{"__uuid__":"396yezowdNyZn/kiDZ7xRp"},{"__uuid__":"89OvAPjyFAVrtYxKMv0R/s"},{"__uuid__":"a5GWwFVYpLQLicF0noZTSw"}]},{"__type__":"cc.Node","_name":"killerPopup","_parent":{"__id__":7},"_children":[{"__id__":18},{"__id__":19}],"_active":false,"_components":[{"__type__":"cc.Widget","node":{"__id__":17},"_alignFlags":5,"_left":0.5,"_right":0.5,"_top":0.5,"_bottom":0.5,"_originalWidth":4,"_originalHeight":4}],"_contentSize":{"__type__":"cc.Size","width":2000,"height":639},"_trs":{"__type__":"TypedArray","ctor":"Float64Array","array":[0,0,0,0,0,0,1,1,1,1]}},{"__type__":"cc.Node","_name":"bg","_parent":{"__id__":17},"_components":[{"__type__":"cc.Sprite","node":{"__id__":18},"_materials":[{"__uuid__":"ecpdLyjvZBwrvm+cedCcQy"}],"_spriteFrame":{"__uuid__":"b4zz7/ev1BxK5FJ1gdJWBb"},"_type":1,"_sizeMode":0},{"__type__":"cc.Widget","node":{"__id__":18},"_alignFlags":45,"_originalWidth":4,"_originalHeight":4}],"_opacity":150,"_color":{"__type__":"cc.Color"},"_contentSize":{"__type__":"cc.Size","width":2000,"height":639},"_trs":{"__type__":"TypedArray","ctor":"Float64Array","array":[0,0,0,0,0,0,1,1,1,1]}},{"__type__":"cc.Node","_name":"txtDeath","_parent":{"__id__":17},"_components":[{"__type__":"cc.Label","node":{"__id__":19},"_materials":[{"__uuid__":"ecpdLyjvZBwrvm+cedCcQy"}],"_useOriginalSize":false,"_string":"Killed by WWWWWWWWWW","_N$string":"Killed by WWWWWWWWWW","_fontSize":69,"_lineHeight":100,"_N$horizontalAlign":1,"_N$verticalAlign":1},{"__type__":"cc.Widget","node":{"__id__":19},"_alignFlags":18}],"_color":{"__type__":"cc.Color","r":255,"g":2,"b":2},"_contentSize":{"__type__":"cc.Size","width":931.23,"height":126},"_trs":{"__type__":"TypedArray","ctor":"Float64Array","array":[0,0,0,0,0,0,1,1,1,1]}},{"__type__":"3a306RSYKBKrLVIcyToKxJC","node":{"__id__":21},"notifyItem":{"__uuid__":"37vcAGw15MI5GFZZBqgdff"}},{"__type__":"cc.Node","_name":"notifier","_parent":{"__id__":7},"_components":[{"__type__":"cc.Layout","node":{"__id__":21},"_layoutSize":{"__type__":"cc.Size","width":960},"_resize":1,"_N$layoutType":2},{"__id__":20},{"__type__":"cc.Widget","node":{"__id__":21},"_alignFlags":41,"_top":23,"_originalWidth":300}],"_contentSize":{"__type__":"cc.Size","width":960},"_anchorPoint":{"__type__":"cc.Vec2","x":0.5,"y":1},"_trs":{"__type__":"TypedArray","ctor":"Float64Array","array":[0,297,0,0,0,0,1,1,1,1]}},{"__type__":"c4ac6yJB7lBGrU3RjNzd2PQ","node":{"__id__":23},"indicatorPrefab":{"__uuid__":"08LSw2pGtEo63KwgojMBPZ"},"ranks":[{"__uuid__":"b1nau02WhCL65NNGoWZDJd"},{"__uuid__":"ee2eKtrshHt7Vp1k14f2+z"},{"__uuid__":"80DkLio5hHj7JACMu+nes5"}]},{"__type__":"cc.Node","_name":"mini-map","_parent":{"__id__":7},"_components":[{"__type__":"cc.Sprite","node":{"__id__":23},"_materials":[{"__uuid__":"ecpdLyjvZBwrvm+cedCcQy"}],"_spriteFrame":{"__uuid__":"d5s5GwiaNExaIJgOqJXBj1"},"_type":1,"_sizeMode":2,"_isTrimmedMode":false},{"__type__":"cc.Widget","node":{"__id__":23},"_alignFlags":33,"_right":32.5,"_top":17.80000000000001},{"__id__":22}],"_contentSize":{"__type__":"cc.Size","width":136,"height":135},"_trs":{"__type__":"TypedArray","ctor":"Float64Array","array":[379.5,234.7,0,0,0,0,1,1,1,1]}},{"__type__":"cc.Node","_name":"touchZone","_parent":{"__id__":7},"_components":[{"__type__":"cc.Widget","node":{"__id__":24},"_alignFlags":45}],"_contentSize":{"__type__":"cc.Size","width":960,"height":640},"_trs":{"__type__":"TypedArray","ctor":"Float64Array","array":[0,0,0,0,0,0,1,1,1,1]}},{"__type__":"cc.Node","_name":"button-fire","_parent":{"__id__":7},"_children":[{"__id__":26},{"__id__":27}],"_active":false,"_components":[{"__type__":"cc.Widget","node":{"__id__":25},"_alignFlags":36,"_right":56,"_bottom":56}],"_contentSize":{"__type__":"cc.Size","width":98,"height":98},"_trs":{"__type__":"TypedArray","ctor":"Float64Array","array":[375,-215,0,0,0,0,1,1,1,1]}},{"__type__":"cc.Node","_name":"bg","_parent":{"__id__":25},"_components":[{"__type__":"cc.Sprite","node":{"__id__":26},"_spriteFrame":{"__uuid__":"d2lNTozFJMJ6RULjim5bGq"},"_sizeMode":2,"_isTrimmedMode":false}],"_contentSize":{"__type__":"cc.Size","width":182,"height":182},"_trs":{"__type__":"TypedArray","ctor":"Float64Array","array":[0,0,0,0,0,0,1,1,1,1]}},{"__type__":"cc.Node","_name":"fire","_parent":{"__id__":25},"_components":[{"__type__":"cc.Sprite","node":{"__id__":27},"_spriteFrame":{"__uuid__":"2doK4gP9JA75LQnWxFY7dy"},"_sizeMode":2,"_isTrimmedMode":false},{"__type__":"cc.Button","node":{"__id__":27},"zoomScale":0.8,"clickEvents":[{"__type__":"cc.ClickEvent","target":{"__id__":28},"_componentId":"4b045MXXJRF6Y8osqSWdohC","handler":"onButtonFire","customEventData":"1"}],"_N$transition":3,"transition":3,"_N$pressedColor":{"__type__":"cc.Color","r":255,"g":255,"b":255},"pressedColor":{"__type__":"cc.Color","r":255,"g":255,"b":255},"_N$disabledColor":{"__type__":"cc.Color","r":255,"g":255,"b":255},"_N$normalSprite":{"__uuid__":"2doK4gP9JA75LQnWxFY7dy"},"_N$pressedSprite":{"__uuid__":"e97GVMl6JHh5Ml5qEDdSGa"},"pressedSprite":{"__uuid__":"e97GVMl6JHh5Ml5qEDdSGa"},"_N$hoverSprite":{"__uuid__":"f0BIwQ8D5Ml7nTNQbh1YlS"},"hoverSprite":{"__uuid__":"f0BIwQ8D5Ml7nTNQbh1YlS"},"_N$disabledSprite":{"__uuid__":"29FYIk+N1GYaeWH/q1NxQO"},"_N$target":{"__id__":27}}],"_contentSize":{"__type__":"cc.Size","width":98,"height":98},"_trs":{"__type__":"TypedArray","ctor":"Float64Array","array":[0,0,0,0,0,0,1,1,1,1]}},{"__type__":"cc.Node","_name":"controller","_parent":{"__id__":7},"_components":[{"__type__":"4b045MXXJRF6Y8osqSWdohC","node":{"__id__":28},"touchZone":{"__id__":24},"dpad":{"__id__":29},"buttonFire":{"__id__":32},"buttonSkill":{"__id__":35}},{"__type__":"a5e71OSpJNAgJ+CdztMVbWO","node":{"__id__":28},"dpad":{"__id__":29}}],"_contentSize":{"__type__":"cc.Size","width":960,"height":640},"_trs":{"__type__":"TypedArray","ctor":"Float64Array","array":[0,0,0,0,0,0,1,1,1,1]}},{"__type__":"cc.Node","_name":"d-pad","_parent":{"__id__":7},"_children":[{"__id__":30},{"__id__":31}],"_active":false,"_components":[{"__type__":"cc.Widget","node":{"__id__":29},"_alignFlags":9,"_left":30,"_top":450,"_bottom":19}],"_contentSize":{"__type__":"cc.Size","width":160,"height":160},"_trs":{"__type__":"TypedArray","ctor":"Float64Array","array":[-370,-210,0,0,0,0,1,1,1,1]}},{"__type__":"cc.Node","_name":"bg","_parent":{"__id__":29},"_components":[{"__type__":"cc.Sprite","node":{"__id__":30},"_spriteFrame":{"__uuid__":"d8ILMEVuBJhqSA4VsbI+xM"},"_sizeMode":2,"_isTrimmedMode":false}],"_contentSize":{"__type__":"cc.Size","width":155,"height":155},"_trs":{"__type__":"TypedArray","ctor":"Float64Array","array":[0,0,0,0,0,0,1,1,1,1]}},{"__type__":"cc.Node","_name":"indicator","_parent":{"__id__":29},"_components":[{"__type__":"cc.Sprite","node":{"__id__":31},"_spriteFrame":{"__uuid__":"d1e+W0g0ZEj48AY0D4R5Xa"},"_sizeMode":2,"_isTrimmedMode":false}],"_contentSize":{"__type__":"cc.Size","width":119,"height":119},"_trs":{"__type__":"TypedArray","ctor":"Float64Array","array":[0,0,0,0,0,0,1,1,1,1]}},{"__type__":"cc.Node","_name":"fire-pad","_parent":{"__id__":7},"_children":[{"__id__":33},{"__id__":34}],"_components":[{"__type__":"cc.Widget","node":{"__id__":32},"_alignFlags":33,"_left":820,"_right":25,"_top":435,"_bottom":15,"_originalWidth":64,"_originalHeight":180}],"_contentSize":{"__type__":"cc.Size","width":180,"height":180},"_trs":{"__type__":"TypedArray","ctor":"Float64Array","array":[365,-205,0,0,0,0,1,1,1,1]}},{"__type__":"cc.Node","_name":"bg","_parent":{"__id__":32},"_components":[{"__type__":"cc.Sprite","node":{"__id__":33},"_materials":[{"__uuid__":"ecpdLyjvZBwrvm+cedCcQy"}],"_spriteFrame":{"__uuid__":"d2lNTozFJMJ6RULjim5bGq"},"_sizeMode":2,"_isTrimmedMode":false}],"_contentSize":{"__type__":"cc.Size","width":182,"height":182},"_trs":{"__type__":"TypedArray","ctor":"Float64Array","array":[0,0,0,0,0,0,1,1,1,1]}},{"__type__":"cc.Node","_name":"indicator","_parent":{"__id__":32},"_components":[{"__type__":"cc.Sprite","node":{"__id__":34},"_materials":[{"__uuid__":"ecpdLyjvZBwrvm+cedCcQy"}],"_spriteFrame":{"__uuid__":"2doK4gP9JA75LQnWxFY7dy"},"_sizeMode":2,"_isTrimmedMode":false}],"_contentSize":{"__type__":"cc.Size","width":98,"height":98},"_trs":{"__type__":"TypedArray","ctor":"Float64Array","array":[0,0,0,0,0,0,1,1,1,1]}},{"__type__":"cc.Node","_name":"skill-pad","_parent":{"__id__":7},"_children":[{"__id__":36},{"__id__":37},{"__id__":38},{"__id__":39}],"_active":false,"_components":[{"__type__":"cc.Widget","node":{"__id__":35},"_alignFlags":33,"_left":825,"_right":26,"_top":280,"_bottom":205,"_originalHeight":140}],"_contentSize":{"__type__":"cc.Size","width":140,"height":140},"_trs":{"__type__":"TypedArray","ctor":"Float64Array","array":[384,-30,0,0,0,0,1,1,1,1]}},{"__type__":"cc.Node","_name":"block-input","_parent":{"__id__":35},"_active":false,"_components":[{"__type__":"cc.BlockInputEvents","node":{"__id__":36}}],"_contentSize":{"__type__":"cc.Size","width":148,"height":148},"_trs":{"__type__":"TypedArray","ctor":"Float64Array","array":[0,0,0,0,0,0,1,1,1,1]}},{"__type__":"cc.Node","_name":"bg","_parent":{"__id__":35},"_components":[{"__type__":"cc.Sprite","node":{"__id__":37},"_spriteFrame":{"__uuid__":"2eWTMre7pEm74VlnSbqVg7"},"_sizeMode":2,"_isTrimmedMode":false}],"_contentSize":{"__type__":"cc.Size","width":146,"height":145},"_trs":{"__type__":"TypedArray","ctor":"Float64Array","array":[0,0,0,0,0,0,1,1,1,1]}},{"__type__":"cc.Node","_name":"indicator","_parent":{"__id__":35},"_components":[{"__type__":"cc.Sprite","node":{"__id__":38},"_spriteFrame":{"__uuid__":"05I3KWK2xAfIAAiPqZHIDq"},"_sizeMode":2,"_isTrimmedMode":false}],"_contentSize":{"__type__":"cc.Size","width":146,"height":145},"_trs":{"__type__":"TypedArray","ctor":"Float64Array","array":[0,0,0,0,0,0,1,1,1,1]}},{"__type__":"cc.Node","_name":"cooldown","_parent":{"__id__":35},"_active":false,"_components":[{"__type__":"cc.Label","node":{"__id__":39},"_useOriginalSize":false,"_string":"15","_N$string":"15","_N$file":{"__uuid__":"7cdiSNMDRJ5YaLP+hB1G+M"},"_isSystemFontUsed":false,"_N$horizontalAlign":1,"_N$verticalAlign":1}],"_color":{"__type__":"cc.Color","r":19,"g":140,"b":235},"_contentSize":{"__type__":"cc.Size","width":36.15,"height":40},"_trs":{"__type__":"TypedArray","ctor":"Float64Array","array":[0,0,0,0,0,0,1,1,1,1]}},{"__type__":"cc.Node","_name":"button-skill","_parent":{"__id__":7},"_children":[{"__id__":41},{"__id__":42},{"__id__":43}],"_components":[{"__type__":"cc.Widget","node":{"__id__":40},"_alignFlags":33,"_right":26,"_top":280,"_bottom":204.5}],"_contentSize":{"__type__":"cc.Size","width":146,"height":145},"_trs":{"__type__":"TypedArray","ctor":"Float64Array","array":[381,-32.5,0,0,0,0,1,1,1,1]}},{"__type__":"cc.Node","_name":"bg","_parent":{"__id__":40},"_active":false,"_components":[{"__type__":"cc.Sprite","node":{"__id__":41},"_spriteFrame":{"__uuid__":"2eWTMre7pEm74VlnSbqVg7"},"_sizeMode":2,"_isTrimmedMode":false}],"_contentSize":{"__type__":"cc.Size","width":146,"height":145},"_trs":{"__type__":"TypedArray","ctor":"Float64Array","array":[0,0,0,0,0,0,1,1,1,1]}},{"__type__":"cc.Node","_name":"fire","_parent":{"__id__":40},"_components":[{"__type__":"cc.Sprite","node":{"__id__":42},"_materials":[{"__uuid__":"ecpdLyjvZBwrvm+cedCcQy"}],"_spriteFrame":{"__uuid__":"05I3KWK2xAfIAAiPqZHIDq"},"_sizeMode":0,"_isTrimmedMode":false},{"__type__":"cc.Button","node":{"__id__":42},"zoomScale":0.8,"clickEvents":[{"__type__":"cc.ClickEvent","target":{"__id__":28},"_componentId":"4b045MXXJRF6Y8osqSWdohC","handler":"onButtonFire","customEventData":"2"}],"_N$enableAutoGrayEffect":true,"_N$transition":3,"transition":3,"_N$pressedColor":{"__type__":"cc.Color","r":255,"g":255,"b":255},"pressedColor":{"__type__":"cc.Color","r":255,"g":255,"b":255},"_N$disabledColor":{"__type__":"cc.Color","r":255,"g":255,"b":255},"_N$normalSprite":{"__uuid__":"05I3KWK2xAfIAAiPqZHIDq"},"_N$pressedSprite":{"__uuid__":"e97GVMl6JHh5Ml5qEDdSGa"},"pressedSprite":{"__uuid__":"e97GVMl6JHh5Ml5qEDdSGa"},"_N$hoverSprite":{"__uuid__":"f0BIwQ8D5Ml7nTNQbh1YlS"},"hoverSprite":{"__uuid__":"f0BIwQ8D5Ml7nTNQbh1YlS"},"_N$disabledSprite":{"__uuid__":"29FYIk+N1GYaeWH/q1NxQO"},"_N$target":{"__id__":42}}],"_contentSize":{"__type__":"cc.Size","width":146,"height":132},"_trs":{"__type__":"TypedArray","ctor":"Float64Array","array":[0,0,0,0,0,0,1,1,1,1]}},{"__type__":"cc.Node","_name":"cooldown","_parent":{"__id__":40},"_active":false,"_components":[{"__type__":"cc.Label","node":{"__id__":43},"_useOriginalSize":false,"_string":"15","_N$string":"15","_N$file":{"__uuid__":"7cdiSNMDRJ5YaLP+hB1G+M"},"_isSystemFontUsed":false,"_N$horizontalAlign":1,"_N$verticalAlign":1}],"_color":{"__type__":"cc.Color","r":235,"g":19,"b":19},"_contentSize":{"__type__":"cc.Size","width":36.15,"height":40},"_trs":{"__type__":"TypedArray","ctor":"Float64Array","array":[-1,-4,0,0,0,0,1,1,1,1]}},{"__type__":"cc.Node","_name":"button-leave","_parent":{"__id__":7},"_children":[{"__id__":45}],"_components":[{"__type__":"cc.Button","node":{"__id__":44},"zoomScale":0.8,"clickEvents":[{"__type__":"cc.ClickEvent","target":{"__id__":2},"_componentId":"3d5bfZRQ/VJAbNoawKUTATx","handler":"onButtonQuit"}],"_N$transition":3,"transition":3,"_N$normalColor":{"__type__":"cc.Color","r":214,"g":214,"b":214},"_N$target":{"__id__":44}},{"__type__":"cc.Widget","node":{"__id__":44},"_alignFlags":33,"_right":-0.01781250000000003,"_top":-0.027031249999999986,"_isAbsRight":false,"_isAbsTop":false}],"_contentSize":{"__type__":"cc.Size","width":100,"height":100},"_trs":{"__type__":"TypedArray","ctor":"Float64Array","array":[447.1,287.3,0,0,0,0,1,1,1,1]}},{"__type__":"cc.Node","_name":"image","_parent":{"__id__":44},"_components":[{"__type__":"cc.Sprite","node":{"__id__":45},"_materials":[{"__uuid__":"ecpdLyjvZBwrvm+cedCcQy"}],"_spriteFrame":{"__uuid__":"53n5rJgrdIV48pYI704qPN"},"_sizeMode":0,"_isTrimmedMode":false}],"_contentSize":{"__type__":"cc.Size","width":36,"height":36},"_trs":{"__type__":"TypedArray","ctor":"Float64Array","array":[1.1,7.4,0,0,0,0,1,1.3,1.3,1]}},{"__type__":"cc.Node","_name":"player-level","_parent":{"__id__":7},"_children":[{"__id__":47},{"__id__":49},{"__id__":51}],"_components":[{"__type__":"cc.Sprite","node":{"__id__":46},"_materials":[{"__uuid__":"ecpdLyjvZBwrvm+cedCcQy"}],"_spriteFrame":{"__uuid__":"28JXTsx3FHY7mSJOJMJp6D"},"_type":1,"_sizeMode":0},{"__type__":"cc.ProgressBar","node":{"__id__":46},"_N$totalLength":376,"_N$barSprite":{"__id__":48},"_N$progress":0.1},{"__type__":"252a0kiAstMlKV93GoRKYlM","node":{"__id__":46},"text":{"__id__":50}},{"__type__":"cc.Widget","node":{"__id__":46},"_alignFlags":20,"_bottom":7.5}],"_color":{"__type__":"cc.Color","r":94,"g":94,"b":94},"_contentSize":{"__type__":"cc.Size","width":400,"height":40},"_trs":{"__type__":"TypedArray","ctor":"Float64Array","array":[0,-292.5,0,0,0,0,1,1,1,1]}},{"__type__":"cc.Node","_name":"bar","_parent":{"__id__":46},"_components":[{"__id__":48}],"_contentSize":{"__type__":"cc.Size","width":37.6,"height":20},"_anchorPoint":{"__type__":"cc.Vec2","y":0.5},"_trs":{"__type__":"TypedArray","ctor":"Float64Array","array":[-188.9,3.2,0,0,0,0,1,1,1,1]}},{"__type__":"cc.Sprite","node":{"__id__":47},"_materials":[{"__uuid__":"ecpdLyjvZBwrvm+cedCcQy"}],"_spriteFrame":{"__uuid__":"1bJj4lgE5Gep3fMczfsbrB"},"_type":1,"_sizeMode":0},{"__type__":"cc.Node","_name":"string","_parent":{"__id__":46},"_components":[{"__id__":50},{"__type__":"cc.Widget","node":{"__id__":49},"_alignFlags":18,"_verticalCenter":3.4}],"_contentSize":{"__type__":"cc.Size","width":139.89,"height":25.2},"_trs":{"__type__":"TypedArray","ctor":"Float64Array","array":[0,3.4,0,0,0,0,1,1,1,1]}},{"__type__":"cc.Label","node":{"__id__":49},"_materials":[{"__uuid__":"ecpdLyjvZBwrvm+cedCcQy"}],"_useOriginalSize":false,"_string":"Level: 1 / Exp: 30","_N$string":"Level: 1 / Exp: 30","_fontSize":18,"_lineHeight":20,"_N$file":{"__uuid__":"7cdiSNMDRJ5YaLP+hB1G+M"},"_isSystemFontUsed":false,"_N$horizontalAlign":1,"_N$verticalAlign":1},{"__type__":"cc.Node","_name":"border","_parent":{"__id__":46},"_components":[{"__type__":"cc.Sprite","node":{"__id__":51},"_materials":[{"__uuid__":"ecpdLyjvZBwrvm+cedCcQy"}],"_spriteFrame":{"__uuid__":"c67ViybQdC5bjCl/T09V6J"},"_sizeMode":0}],"_contentSize":{"__type__":"cc.Size","width":400,"height":42},"_trs":{"__type__":"TypedArray","ctor":"Float64Array","array":[0,0,0,0,0,0,1,1,1,1]}}],{"__type__":"cc.SpriteFrame","content":{"name":"bar","texture":"1d6d40bb4","rect":[3,377,342,28],"offset":[-1,3.5],"originalSize":[368,55],"rotated":1,"capInsets":[0,0,0,0]}},{"__type__":"cc.SpriteFrame","content":{"name":"shield","texture":"19bc7ba32","rect":[64,73,54,60],"offset":[-2,-4.5],"originalSize":[64,77],"rotated":1,"capInsets":[0,0,0,0]}},{"__type__":"cc.SpriteFrame","content":{"name":"bg","texture":"1d6d40bb4","rect":[3,3,368,55],"offset":[0,0],"originalSize":[368,55],"rotated":1,"capInsets":[0,0,0,0]}},{"__type__":"cc.SpriteFrame","content":{"name":"default_btn_disabled","texture":"71VhFCTINJM6/Ky3oX9nBT","rect":[0,0,40,40],"offset":[0,0],"originalSize":[40,40],"capInsets":[12,12,12,12]}},{"__type__":"cc.SpriteFrame","content":{"name":"lb_title","texture":"1e6b824c5","rect":[3,181,137,44],"offset":[0,0],"originalSize":[137,44],"capInsets":[0,0,0,0]}},{"__type__":"cc.SpriteFrame","content":{"name":"normal","texture":"11515c8a4","rect":[411,187,94,97],"offset":[0,0.5],"originalSize":[98,98],"rotated":1,"capInsets":[0,0,0,0]}},{"__type__":"cc.SpriteFrame","content":{"name":"fire_bg","texture":"11515c8a4","rect":[3,257,142,141],"offset":[0,0],"originalSize":[146,145],"capInsets":[0,0,0,0]}},{"__type__":"cc.SpriteFrame","content":{"name":"ice_bg","texture":"11515c8a4","rect":[252,341,142,141],"offset":[0,0],"originalSize":[146,145],"capInsets":[0,0,0,0]}},[{"__type__":"cc.Prefab","_name":"notifyItem","data":{"__id__":1}},{"__type__":"cc.Node","_name":"notifyItem","_children":[{"__id__":2}],"_components":[{"__type__":"cc.RichText","node":{"__id__":1},"_N$string":"Messge from server","_N$horizontalAlign":1,"_N$fontSize":20,"_N$lineHeight":25,"_N$handleTouchEvent":false}],"_prefab":{"__type__":"cc.PrefabInfo","root":{"__id__":1},"asset":{"__uuid__":"37vcAGw15MI5GFZZBqgdff"},"fileId":"12VKt0GMlJBJnJHP7iLGus"},"_contentSize":{"__type__":"cc.Size","width":176.71,"height":25},"_trs":{"__type__":"TypedArray","ctor":"Float64Array","array":[0,-12.5,0,0,0,0,1,1,1,1]},"_zIndex":0},{"__type__":"cc.PrivateNode","_name":"RICHTEXT_CHILD","_parent":{"__id__":1},"_components":[{"__type__":"cc.Label","node":{"__id__":2},"_string":"Messge from server","_N$string":"Messge from server","_fontSize":20,"_lineHeight":25,"_N$verticalAlign":1}],"_prefab":{"__type__":"cc.PrefabInfo","root":{"__id__":1},"asset":{"__uuid__":"37vcAGw15MI5GFZZBqgdff"},"fileId":"06TGsbCchFc5ivJkFUOcbM"},"_contentSize":{"__type__":"cc.Size","width":176.71,"height":25},"_anchorPoint":{"__type__":"cc.Vec2"},"_position":{"__type__":"cc.Vec3","x":-88.355,"y":-12.5},"_scale":{"__type__":"cc.Vec3","x":1,"y":1,"z":1},"_trs":{"__type__":"TypedArray","ctor":"Float64Array","array":[0,0,0,0,0,0,1,1,1,1]},"_zIndex":-32768}],{"__type__":"cc.SpriteFrame","content":{"name":"001","texture":"130b79f3e","rect":[363,678,313,347],"offset":[1.5,-7.5],"originalSize":[316,386],"rotated":1,"capInsets":[0,0,0,0]}},{"__type__":"cc.SpriteFrame","content":{"name":"button-exit","texture":"11515c8a4","rect":[151,457,73,73],"offset":[0,0],"originalSize":[73,73],"capInsets":[0,0,0,0]}},{"__type__":"cc.SpriteFrame","content":{"name":"skullcap","texture":"1e6b824c5","rect":[146,181,23,23],"offset":[0,0],"originalSize":[23,23],"capInsets":[0,0,0,0]}},{"__type__":"cc.SpriteFrame","content":{"name":"normal_red","texture":"11515c8a4","rect":[151,357,94,95],"offset":[0.5,0],"originalSize":[95,95],"rotated":1,"capInsets":[0,0,0,0]}},{"__type__":"cc.SpriteFrame","content":{"name":"grass_bg","texture":"11515c8a4","rect":[3,404,142,141],"offset":[0,0],"originalSize":[146,145],"capInsets":[0,0,0,0]}},{"__type__":"cc.SpriteFrame","content":{"name":"exper","texture":"19bc7ba32","rect":[64,133,54,59],"offset":[-2,-5],"originalSize":[64,77],"rotated":1,"capInsets":[0,0,0,0]}},[{"__type__":"cc.Prefab","_name":"buble","data":{"__id__":1}},{"__type__":"cc.Node","_name":"buble","_components":[{"__type__":"cc.Sprite","node":{"__id__":1},"_spriteFrame":{"__uuid__":"bbKIxIa/tFU6ggM6yAGE6B"}},{"__type__":"429632zggJMArq6tC4HMR9P","node":{"__id__":1},"frames":[null,{"__uuid__":"bbKIxIa/tFU6ggM6yAGE6B"},{"__uuid__":"f6sQ43xi5Bna0xgkTJDsET"},{"__uuid__":"20xbwxgQpJJIk0Cr48SxTW"},{"__uuid__":"6fD4B51nVORaT9xwHDwu+M"},{"__uuid__":"e3FeP936FJHawGeYpucEvi"},{"__uuid__":"e3FeP936FJHawGeYpucEvi"},{"__uuid__":"e3FeP936FJHawGeYpucEvi"}]}],"_prefab":{"__type__":"cc.PrefabInfo","root":{"__id__":1},"asset":{"__uuid__":"748mC3P1FJH4+L5IrEYUYH"},"fileId":"6ftmaQBSFPFbsvPuOg7GIh"},"_contentSize":{"__type__":"cc.Size","width":34,"height":41},"_trs":{"__type__":"TypedArray","ctor":"Float64Array","array":[183,201,0,0,0,0,1,0.5,0.5,1]}}],{"__type__":"cc.SpriteFrame","content":{"name":"copper","texture":"1e6b824c5","rect":[3,231,25,21],"offset":[0,0],"originalSize":[25,21],"capInsets":[0,0,0,0]}},{"__type__":"cc.SpriteFrame","content":{"name":"001","texture":"1522adae9","rect":[316,316,307,333],"offset":[-1.5,-24.5],"originalSize":[316,386],"rotated":1,"capInsets":[0,0,0,0]}},{"__type__":"cc.SpriteFrame","content":{"name":"lb_bg","texture":"1e6b824c5","rect":[3,3,172,176],"offset":[0.5,0],"originalSize":[179,182],"rotated":1,"capInsets":[0,0,0,0]}},{"__type__":"cc.SpriteFrame","content":{"name":"001","texture":"1ee7466de","rect":[3,3,307,336],"offset":[-1.5,-23],"originalSize":[316,386],"rotated":1,"capInsets":[0,0,0,0]}},{"__type__":"cc.SpriteFrame","content":{"name":"ice","texture":"11515c8a4","rect":[249,488,117,118],"offset":[-1.5,-1.5],"originalSize":[190,171],"capInsets":[0,0,0,0]}},{"__type__":"cc.SpriteFrame","content":{"name":"gold","texture":"1e6b824c5","rect":[34,231,25,21],"offset":[0,0],"originalSize":[25,21],"capInsets":[0,0,0,0]}},{"__type__":"cc.SpriteFrame","content":{"name":"square-4x4","texture":"a4bWn7okhLTINbW8Dq6WjG","rect":[0,0,4,4],"offset":[0,0],"originalSize":[4,4],"capInsets":[1,1,1,1]}},{"__type__":"cc.SpriteFrame","content":{"name":"buble","texture":"19bc7ba32","rect":[79,3,34,41],"offset":[0,0],"originalSize":[46,43],"rotated":1,"capInsets":[0,0,0,0]}},{"__type__":"cc.SpriteFrame","content":{"name":"normal","texture":"19d596c78","rect":[3,141,8,8],"offset":[0,0],"originalSize":[12,12],"capInsets":[0,0,0,0]}},{"__type__":"cc.SpriteFrame","content":{"name":"border","texture":"1d6d40bb4","rect":[64,3,368,54],"offset":[0,-0.5],"originalSize":[368,55],"rotated":1,"capInsets":[0,0,0,0]}},{"__type__":"cc.SpriteFrame","content":{"name":"dpad","texture":"11515c8a4","rect":[372,488,112,112],"offset":[-0.5,-0.5],"originalSize":[119,119],"capInsets":[0,0,0,0]}},{"__type__":"cc.SpriteFrame","content":{"name":"normal_bg","texture":"11515c8a4","rect":[257,3,178,178],"offset":[0,0],"originalSize":[182,182],"capInsets":[0,0,0,0]}},{"__type__":"cc.SpriteFrame","content":{"name":"bg","texture":"19d596c78","rect":[3,3,133,132],"offset":[-0.5,0.5],"originalSize":[136,135],"capInsets":[0,0,0,0]}},{"__type__":"cc.SpriteFrame","content":{"name":"dpad_bg","texture":"11515c8a4","rect":[257,187,148,148],"offset":[-0.5,-0.5],"originalSize":[155,155],"capInsets":[0,0,0,0]}},{"__type__":"cc.SpriteFrame","content":{"name":"grass","texture":"11515c8a4","rect":[126,551,117,119],"offset":[-1.5,-1],"originalSize":[190,171],"capInsets":[0,0,0,0]}},{"__type__":"cc.SpriteFrame","content":{"name":"skill","texture":"19bc7ba32","rect":[3,3,64,70],"offset":[0,3.5],"originalSize":[64,77],"rotated":1,"capInsets":[0,0,0,0]}},{"__type__":"cc.SpriteFrame","content":{"name":"default_btn_pressed","texture":"b4P/PCArtIdIH38t6mlw8Y","rect":[0,0,40,40],"offset":[0,0],"originalSize":[40,40],"capInsets":[12,12,12,12]}},{"__type__":"cc.SpriteFrame","content":{"name":"silver","texture":"1e6b824c5","rect":[65,231,25,21],"offset":[0,0],"originalSize":[25,21],"capInsets":[0,0,0,0]}},{"__type__":"cc.SpriteFrame","content":{"name":"default_btn_normal","texture":"e8Ueib+qJEhL6mXAHdnwbi","rect":[0,0,40,40],"offset":[0,0],"originalSize":[40,40],"capInsets":[12,12,12,12]}},{"__type__":"cc.SpriteFrame","content":{"name":"damage","texture":"19bc7ba32","rect":[3,73,55,60],"offset":[-1.5,-4.5],"originalSize":[64,77],"capInsets":[0,0,0,0]}}]