[{"__type__":"cc.SpriteFrame","content":{"name":"button_yes","texture":"17a54a744","rect":[705,825,131,67],"offset":[1,0],"originalSize":[133,67],"capInsets":[0,0,0,0]}},{"__type__":"cc.SpriteFrame","content":{"name":"default_btn_disabled","texture":"71VhFCTINJM6/Ky3oX9nBT","rect":[0,0,40,40],"offset":[0,0],"originalSize":[40,40],"capInsets":[12,12,12,12]}},{"__type__":"cc.SpriteFrame","content":{"name":"time","texture":"17a54a744","rect":[747,74,82,82],"offset":[0,0],"originalSize":[84,84],"capInsets":[0,0,0,0]}},{"__type__":"cc.AnimationClip","_name":"popup-appear","_duration":0.2,"curveData":{"props":{"position":[{"frame":0,"value":[0,492],"curve":"quadOut"},{"frame":0.2,"value":[0,0]}]}}},[{"__type__":"cc.SceneAsset","_name":"loader","scene":{"__id__":1},"asyncLoadAssets":null},{"__type__":"cc.Scene","_name":"New Node","_children":[{"__id__":2},{"__id__":7}],"_active":false,"_anchorPoint":{"__type__":"cc.Vec2"},"_trs":{"__type__":"TypedArray","ctor":"Float64Array","array":[0,0,0,0,0,0,1,1,1,1]},"autoReleaseAssets":false},{"__type__":"cc.Node","_name":"Canvas","_parent":{"__id__":1},"_children":[{"__id__":3},{"__id__":4},{"__id__":5},{"__id__":6}],"_components":[{"__type__":"cc.Canvas","node":{"__id__":2}},{"__type__":"9353alEtjFNbItXpbB1+rL+","node":{"__id__":2}},{"__type__":"cc.Widget","node":{"__id__":2},"_alignFlags":45}],"_contentSize":{"__type__":"cc.Size","width":960,"height":640},"_trs":{"__type__":"TypedArray","ctor":"Float64Array","array":[480,320,0,0,0,0,1,1,1,1]},"_id":"d6tsOFy/lCKrjt8i3Yak8Y"},{"__type__":"cc.Node","_name":"Main Camera","_parent":{"__id__":2},"_components":[{"__type__":"cc.Camera","node":{"__id__":3},"_clearFlags":7,"_depth":-1,"_nearClip":0.1}],"_trs":{"__type__":"TypedArray","ctor":"Float64Array","array":[0,0,478.04602288901015,0,0,0,1,1,1,1]}},{"__type__":"cc.Node","_name":"Splash","_parent":{"__id__":2},"_components":[{"__type__":"cc.Sprite","node":{"__id__":4},"_materials":[{"__uuid__":"ecpdLyjvZBwrvm+cedCcQy"}],"_spriteFrame":{"__uuid__":"8e2Kwv9/9OfYxkRl7oPqu0"},"_sizeMode":2},{"__type__":"cc.Widget","node":{"__id__":4},"_alignFlags":40,"_originalWidth":960}],"_contentSize":{"__type__":"cc.Size","width":960,"height":640},"_trs":{"__type__":"TypedArray","ctor":"Float64Array","array":[0,0,0,0,0,0,1,1,1,1]}},{"__type__":"cc.Node","_name":"title","_parent":{"__id__":2},"_components":[{"__type__":"cc.Sprite","node":{"__id__":5},"_materials":[{"__uuid__":"ecpdLyjvZBwrvm+cedCcQy"}],"_spriteFrame":{"__uuid__":"ccuKyYnDBHia7yj3seteS2"}}],"_contentSize":{"__type__":"cc.Size","width":568,"height":186},"_trs":{"__type__":"TypedArray","ctor":"Float64Array","array":[-233,232,0,0,0,0,1,0.8,0.8,1]}},{"__type__":"cc.Node","_name":"Loading","_parent":{"__id__":2},"_components":[{"__type__":"cc.Label","node":{"__id__":6},"_materials":[{"__uuid__":"ecpdLyjvZBwrvm+cedCcQy"}],"_useOriginalSize":false,"_string":"Loading...","_N$string":"Loading...","_fontSize":30,"_N$horizontalAlign":1,"_N$verticalAlign":1},{"__type__":"cc.Widget","node":{"__id__":6},"alignMode":0,"_alignFlags":12,"_left":38,"_bottom":27}],"_contentSize":{"__type__":"cc.Size","width":131.78,"height":50.4},"_trs":{"__type__":"TypedArray","ctor":"Float64Array","array":[-376.11,-267.8,0,0,0,0,1,1,1,1]}},{"__type__":"cc.Node","_name":"popup","_parent":{"__id__":1},"_components":[{"__type__":"c2517+l3BlDPqhUWyhQt7/S","node":{"__id__":7},"dialogPopup":{"__uuid__":"d2f5c36ihMya4Z5iRcvMVU"},"waitingPopup":{"__uuid__":"66Twg+pBJLOZXz6OA5WWEK"}}],"_trs":{"__type__":"TypedArray","ctor":"Float64Array","array":[480,320,0,0,0,0,1,1,1,1]},"_id":"edsTAA4PBJt62C5AvZpg1a"}],{"__type__":"cc.SpriteFrame","content":{"name":"006","texture":"1aff44aa6","rect":[3,3,313,346],"offset":[1.5,-8],"originalSize":[316,386],"capInsets":[0,0,0,0]}},{"__type__":"cc.SpriteFrame","content":{"name":"exit_button","texture":"17a54a744","rect":[842,825,28,28],"offset":[-0.5,-0.5],"originalSize":[29,29],"capInsets":[0,0,0,0]}},[{"__type__":"cc.Prefab","_name":"waitingPopup","data":{"__id__":1}},{"__type__":"cc.Node","_name":"waitingPopup","_children":[{"__id__":2},{"__id__":3}],"_components":[{"__type__":"cc.Animation","node":{"__id__":1},"_defaultClip":{"__uuid__":"92hUIykCRC1pWg81OIjAcY"},"_clips":[{"__uuid__":"92hUIykCRC1pWg81OIjAcY"}],"playOnLoad":true}],"_prefab":{"__type__":"cc.PrefabInfo","root":{"__id__":1},"asset":{"__uuid__":"66Twg+pBJLOZXz6OA5WWEK"},"fileId":"bemc8xLxpKLYbAfgSTqCIK"},"_contentSize":{"__type__":"cc.Size","width":300,"height":200},"_trs":{"__type__":"TypedArray","ctor":"Float64Array","array":[0,0,0,0,0,0,1,1,1,1]},"_zIndex":0},{"__type__":"cc.Node","_name":"blockinput","_parent":{"__id__":1},"_components":[{"__type__":"cc.BlockInputEvents","node":{"__id__":2}},{"__type__":"cc.Sprite","node":{"__id__":2},"_spriteFrame":{"__uuid__":"b4zz7/ev1BxK5FJ1gdJWBb"},"_type":1,"_sizeMode":0},{"__type__":"cc.Widget","node":{"__id__":2},"alignMode":0,"_alignFlags":40,"_left":-850,"_right":-850,"_originalWidth":960}],"_prefab":{"__type__":"cc.PrefabInfo","root":{"__id__":1},"asset":{"__uuid__":"66Twg+pBJLOZXz6OA5WWEK"},"fileId":"80q3Sp6uRLKZF5fpA8eN0Z"},"_opacity":32,"_color":{"__type__":"cc.Color"},"_contentSize":{"__type__":"cc.Size","width":2000,"height":2000},"_trs":{"__type__":"TypedArray","ctor":"Float64Array","array":[0,0,0,0,0,0,1,1,1,1]},"_zIndex":0},{"__type__":"cc.Node","_name":"content","_parent":{"__id__":1},"_children":[{"__id__":4}],"_components":[{"__type__":"cc.Sprite","node":{"__id__":3},"_spriteFrame":{"__uuid__":"b4zz7/ev1BxK5FJ1gdJWBb"},"_type":1,"_sizeMode":0}],"_prefab":{"__type__":"cc.PrefabInfo","root":{"__id__":1},"asset":{"__uuid__":"66Twg+pBJLOZXz6OA5WWEK"},"fileId":"87Txwvm8JIrq6pBetcfHdl"},"_opacity":155,"_color":{"__type__":"cc.Color","r":78,"g":77,"b":77},"_contentSize":{"__type__":"cc.Size","width":2000,"height":110},"_trs":{"__type__":"TypedArray","ctor":"Float64Array","array":[0,0,0,0,0,0,1,1,1,1]},"_zIndex":0},{"__type__":"cc.Node","_name":"text","_parent":{"__id__":3},"_components":[{"__type__":"cc.Label","node":{"__id__":4},"_useOriginalSize":false,"_string":"waiting...","_N$string":"waiting...","_fontSize":30,"_N$horizontalAlign":1,"_N$verticalAlign":1}],"_prefab":{"__type__":"cc.PrefabInfo","root":{"__id__":1},"asset":{"__uuid__":"66Twg+pBJLOZXz6OA5WWEK"},"fileId":"49m/RprjJGvqWfkMCrfCwA"},"_contentSize":{"__type__":"cc.Size","width":118.39,"height":40},"_trs":{"__type__":"TypedArray","ctor":"Float64Array","array":[7.105427357601002e-15,0,0,0,0,0,1,1,1,1]},"_zIndex":0}],{"__type__":"cc.SpriteFrame","content":{"name":"leave_bg","texture":"17a54a744","rect":[3,504,696,350],"offset":[1,0],"originalSize":[704,350],"capInsets":[0,0,0,0]}},{"__type__":"cc.SpriteFrame","content":{"name":"button_replay","texture":"17a54a744","rect":[747,3,124,65],"offset":[0,-0.5],"originalSize":[124,66],"capInsets":[0,0,0,0]}},{"__type__":"cc.SpriteFrame","content":{"name":"Splash_960x640","texture":"7d8YyLeY9DwKgyC5bIkCQm","rect":[0,0,960,640],"offset":[0,0],"originalSize":[960,640],"capInsets":[0,0,0,0]}},{"__type__":"cc.AnimationClip","_name":"waiting-popup","_duration":0.13333333333333333,"curveData":{"paths":{"content":{"props":{"position":[{"frame":0,"value":[0,375],"curve":"quadOut"},{"frame":0.13333333333333333,"value":[0,266]}]}}}}},{"__type__":"cc.SpriteFrame","content":{"name":"leaving_mc","texture":"17a54a744","rect":[705,504,315,167],"offset":[-4.5,4.5],"originalSize":[342,176],"rotated":1,"capInsets":[0,0,0,0]}},{"__type__":"cc.SpriteFrame","content":{"name":"square-4x4","texture":"a4bWn7okhLTINbW8Dq6WjG","rect":[0,0,4,4],"offset":[0,0],"originalSize":[4,4],"capInsets":[1,1,1,1]}},{"__type__":"cc.SpriteFrame","content":{"name":"result_bg","texture":"17a54a744","rect":[3,3,738,495],"offset":[0,-0.5],"originalSize":[738,496],"capInsets":[0,0,0,0]}},{"__type__":"cc.SpriteFrame","content":{"name":"title","texture":"1581cecb5","rect":[255,3,568,186],"offset":[2,-2.5],"originalSize":[624,241],"rotated":1,"capInsets":[0,0,0,0]}},[{"__type__":"cc.Prefab","_name":"dialogPopup","data":{"__id__":1}},{"__type__":"cc.Node","_name":"dialogPopup","_children":[{"__id__":2},{"__id__":3},{"__id__":14}],"_components":[{"__type__":"cc.Layout","node":{"__id__":1},"_layoutSize":{"__type__":"cc.Size","width":786,"height":400}},{"__type__":"cc.Animation","node":{"__id__":1},"_defaultClip":{"__uuid__":"3dJ0so3TRL65KOjAZ5LWsu"},"_clips":[{"__uuid__":"3dJ0so3TRL65KOjAZ5LWsu"}],"playOnLoad":true}],"_prefab":{"__type__":"cc.PrefabInfo","root":{"__id__":1},"asset":{"__uuid__":"d2f5c36ihMya4Z5iRcvMVU"},"fileId":"9eaklgra9L44G8xLQ5KljA"},"_contentSize":{"__type__":"cc.Size","width":786,"height":400},"_trs":{"__type__":"TypedArray","ctor":"Float64Array","array":[0,0,0,0,0,0,1,1,1,1]},"_zIndex":0},{"__type__":"cc.Node","_name":"blockinput","_parent":{"__id__":1},"_components":[{"__type__":"cc.BlockInputEvents","node":{"__id__":2}},{"__type__":"cc.Sprite","node":{"__id__":2},"_spriteFrame":{"__uuid__":"b4zz7/ev1BxK5FJ1gdJWBb"},"_type":1,"_sizeMode":0},{"__type__":"cc.Widget","node":{"__id__":2},"alignMode":0,"_alignFlags":21,"_left":-87,"_right":-87,"_top":-800,"_bottom":-800,"_originalWidth":960,"_originalHeight":720}],"_prefab":{"__type__":"cc.PrefabInfo","root":{"__id__":1},"asset":{"__uuid__":"d2f5c36ihMya4Z5iRcvMVU"},"fileId":"57kkVA56hDpY4OkGJH3RJb"},"_opacity":200,"_color":{"__type__":"cc.Color"},"_contentSize":{"__type__":"cc.Size","width":2000,"height":2000},"_trs":{"__type__":"TypedArray","ctor":"Float64Array","array":[0,0,0,0,0,0,1,1,1,1]},"_zIndex":0},{"__type__":"cc.Node","_name":"confirm-content","_parent":{"__id__":1},"_children":[{"__id__":4},{"__id__":5},{"__id__":6},{"__id__":7},{"__id__":8},{"__id__":9},{"__id__":10},{"__id__":12}],"_components":[{"__type__":"cc.Sprite","node":{"__id__":3},"_spriteFrame":{"__uuid__":"c4oqta7yFCW5gzc8iYilVe"},"_sizeMode":2}],"_prefab":{"__type__":"cc.PrefabInfo","root":{"__id__":1},"asset":{"__uuid__":"d2f5c36ihMya4Z5iRcvMVU"},"fileId":"96JUGt7kZNm5HGQcQmteVL"},"_contentSize":{"__type__":"cc.Size","width":738,"height":496},"_trs":{"__type__":"TypedArray","ctor":"Float64Array","array":[0,0,0,0,0,0,1,1,1,1]},"_zIndex":0},{"__type__":"cc.Node","_name":"title","_parent":{"__id__":3},"_components":[{"__type__":"cc.Label","node":{"__id__":4},"_useOriginalSize":false,"_string":"FINAL RESULT","_N$string":"FINAL RESULT","_N$file":{"__uuid__":"7cdiSNMDRJ5YaLP+hB1G+M"},"_isSystemFontUsed":false,"_N$horizontalAlign":1,"_N$verticalAlign":1}],"_prefab":{"__type__":"cc.PrefabInfo","root":{"__id__":1},"asset":{"__uuid__":"d2f5c36ihMya4Z5iRcvMVU"},"fileId":"ebFBgy56RHpaSoWVJoFEQo"},"_contentSize":{"__type__":"cc.Size","width":267.77,"height":40},"_trs":{"__type__":"TypedArray","ctor":"Float64Array","array":[0,28,0,0,0,0,1,1,1,1]},"_zIndex":0},{"__type__":"cc.Node","_name":"time","_parent":{"__id__":3},"_components":[{"__type__":"cc.Sprite","node":{"__id__":5},"_spriteFrame":{"__uuid__":"30eMBZ465ETJCikHTQE2fZ"}}],"_prefab":{"__type__":"cc.PrefabInfo","root":{"__id__":1},"asset":{"__uuid__":"d2f5c36ihMya4Z5iRcvMVU"},"fileId":"78K3j9YiZKUKwzCbQaw/DN"},"_contentSize":{"__type__":"cc.Size","width":82,"height":82},"_trs":{"__type__":"TypedArray","ctor":"Float64Array","array":[-212,-50,0,0,0,0,1,1,1,1]},"_zIndex":0},{"__type__":"cc.Node","_name":"played-time","_parent":{"__id__":3},"_components":[{"__type__":"cc.Label","node":{"__id__":6},"_useOriginalSize":false,"_string":"99: 99' 99''","_N$string":"99: 99' 99''","_fontSize":42,"_lineHeight":54,"_N$file":{"__uuid__":"7cdiSNMDRJ5YaLP+hB1G+M"},"_isSystemFontUsed":false,"_N$verticalAlign":1}],"_prefab":{"__type__":"cc.PrefabInfo","root":{"__id__":1},"asset":{"__uuid__":"d2f5c36ihMya4Z5iRcvMVU"},"fileId":"81H0aSaaxNP7hlPl3+63a7"},"_contentSize":{"__type__":"cc.Size","width":220.5,"height":54},"_anchorPoint":{"__type__":"cc.Vec2","y":0.5},"_trs":{"__type__":"TypedArray","ctor":"Float64Array","array":[-156,-55,0,0,0,0,1,1,1,1]},"_zIndex":0},{"__type__":"cc.Node","_name":"kill","_parent":{"__id__":3},"_components":[{"__type__":"cc.Sprite","node":{"__id__":7},"_spriteFrame":{"__uuid__":"df4ex5XUZJULB5YMMzXo2X"}}],"_prefab":{"__type__":"cc.PrefabInfo","root":{"__id__":1},"asset":{"__uuid__":"d2f5c36ihMya4Z5iRcvMVU"},"fileId":"8aJg3JOI1DEY7Z+jVMAzQT"},"_contentSize":{"__type__":"cc.Size","width":82,"height":82},"_trs":{"__type__":"TypedArray","ctor":"Float64Array","array":[116,-50,0,0,0,0,1,1,1,1]},"_zIndex":0},{"__type__":"cc.Node","_name":"killed-number","_parent":{"__id__":3},"_components":[{"__type__":"cc.Label","node":{"__id__":8},"_useOriginalSize":false,"_string":"99","_N$string":"99","_fontSize":42,"_lineHeight":54,"_N$file":{"__uuid__":"7cdiSNMDRJ5YaLP+hB1G+M"},"_isSystemFontUsed":false,"_N$verticalAlign":1}],"_prefab":{"__type__":"cc.PrefabInfo","root":{"__id__":1},"asset":{"__uuid__":"d2f5c36ihMya4Z5iRcvMVU"},"fileId":"b0oBmAecxFrbaq48+Ut4D3"},"_contentSize":{"__type__":"cc.Size","width":51.76,"height":54},"_anchorPoint":{"__type__":"cc.Vec2","y":0.5},"_trs":{"__type__":"TypedArray","ctor":"Float64Array","array":[166,-55,0,0,0,0,1,1,1,1]},"_zIndex":0},{"__type__":"cc.Node","_name":"character","_parent":{"__id__":3},"_components":[{"__type__":"cc.Sprite","node":{"__id__":9},"_spriteFrame":{"__uuid__":"4atk7/GMJO76k5vxcvFhbH"},"_sizeMode":0}],"_prefab":{"__type__":"cc.PrefabInfo","root":{"__id__":1},"asset":{"__uuid__":"d2f5c36ihMya4Z5iRcvMVU"},"fileId":"7bmsK03XpP1LVzZliLYTtL"},"_contentSize":{"__type__":"cc.Size","width":200,"height":220},"_trs":{"__type__":"TypedArray","ctor":"Float64Array","array":[-36,167,0,0,0,0,1,1,1,1]},"_zIndex":0},{"__type__":"cc.Node","_name":"positivebutton","_parent":{"__id__":3},"_children":[{"__id__":11}],"_components":[{"__type__":"cc.Sprite","node":{"__id__":10},"_spriteFrame":{"__uuid__":"84gf/ApXhAVo+u2LotLWv9"},"_sizeMode":2},{"__type__":"cc.Button","node":{"__id__":10},"_N$transition":3,"transition":3,"_N$pressedColor":{"__type__":"cc.Color","r":255,"g":255,"b":255},"pressedColor":{"__type__":"cc.Color","r":255,"g":255,"b":255},"_N$disabledColor":{"__type__":"cc.Color","r":255,"g":255,"b":255},"_N$pressedSprite":{"__uuid__":"e97GVMl6JHh5Ml5qEDdSGa"},"pressedSprite":{"__uuid__":"e97GVMl6JHh5Ml5qEDdSGa"},"_N$hoverSprite":{"__uuid__":"e97GVMl6JHh5Ml5qEDdSGa"},"hoverSprite":{"__uuid__":"e97GVMl6JHh5Ml5qEDdSGa"},"_N$disabledSprite":{"__uuid__":"29FYIk+N1GYaeWH/q1NxQO"},"_N$target":{"__id__":10}},{"__type__":"cc.Widget","node":{"__id__":10},"alignMode":0,"_alignFlags":20,"_left":152,"_bottom":70}],"_prefab":{"__type__":"cc.PrefabInfo","root":{"__id__":1},"asset":{"__uuid__":"d2f5c36ihMya4Z5iRcvMVU"},"fileId":"acODcBB9tDBoh04F7LNq7i"},"_contentSize":{"__type__":"cc.Size","width":124,"height":66},"_trs":{"__type__":"TypedArray","ctor":"Float64Array","array":[0,-145,0,0,0,0,1,1,1,1]},"_zIndex":0},{"__type__":"cc.Node","_name":"replay","_parent":{"__id__":10},"_components":[{"__type__":"cc.Label","node":{"__id__":11},"_useOriginalSize":false,"_string":"REPLAY","_N$string":"REPLAY","_fontSize":24,"_lineHeight":24,"_N$file":{"__uuid__":"7cdiSNMDRJ5YaLP+hB1G+M"},"_isSystemFontUsed":false,"_N$horizontalAlign":1,"_N$verticalAlign":1}],"_prefab":{"__type__":"cc.PrefabInfo","root":{"__id__":1},"asset":{"__uuid__":"d2f5c36ihMya4Z5iRcvMVU"},"fileId":"798MAznxxH7b3ibqGM4Mtj"},"_color":{"__type__":"cc.Color","r":146,"g":30,"b":30},"_contentSize":{"__type__":"cc.Size","width":89.5,"height":24},"_trs":{"__type__":"TypedArray","ctor":"Float64Array","array":[0,5,0,0,0,0,1,1,1,1]},"_zIndex":0},{"__type__":"cc.Node","_name":"negativebutton","_parent":{"__id__":3},"_children":[{"__id__":13}],"_components":[{"__type__":"cc.Button","node":{"__id__":12},"_N$transition":3,"transition":3,"_N$pressedColor":{"__type__":"cc.Color","r":255,"g":255,"b":255},"pressedColor":{"__type__":"cc.Color","r":255,"g":255,"b":255},"_N$disabledColor":{"__type__":"cc.Color","r":255,"g":255,"b":255},"_N$pressedSprite":{"__uuid__":"e97GVMl6JHh5Ml5qEDdSGa"},"pressedSprite":{"__uuid__":"e97GVMl6JHh5Ml5qEDdSGa"},"_N$hoverSprite":{"__uuid__":"e97GVMl6JHh5Ml5qEDdSGa"},"hoverSprite":{"__uuid__":"e97GVMl6JHh5Ml5qEDdSGa"},"_N$disabledSprite":{"__uuid__":"29FYIk+N1GYaeWH/q1NxQO"},"_N$target":{"__id__":12}},{"__type__":"cc.Widget","node":{"__id__":12},"alignMode":0,"_alignFlags":33,"_right":65,"_top":165,"_bottom":269}],"_prefab":{"__type__":"cc.PrefabInfo","root":{"__id__":1},"asset":{"__uuid__":"d2f5c36ihMya4Z5iRcvMVU"},"fileId":"d2eqsydCFLuaqp+iAMh3la"},"_contentSize":{"__type__":"cc.Size","width":64,"height":64},"_trs":{"__type__":"TypedArray","ctor":"Float64Array","array":[272,51,0,0,0,0,1,1,1,1]},"_zIndex":0},{"__type__":"cc.Node","_name":"exit","_parent":{"__id__":12},"_components":[{"__type__":"cc.Sprite","node":{"__id__":13},"_spriteFrame":{"__uuid__":"5a/rcwHS9FhZcSyAVDOn7t"},"_sizeMode":0}],"_prefab":{"__type__":"cc.PrefabInfo","root":{"__id__":1},"asset":{"__uuid__":"d2f5c36ihMya4Z5iRcvMVU"},"fileId":"4fAacRf2hJTZeDEo8kQk8k"},"_contentSize":{"__type__":"cc.Size","width":36,"height":36},"_trs":{"__type__":"TypedArray","ctor":"Float64Array","array":[0,0,0,0,0,0,1,1,1,1]},"_zIndex":0},{"__type__":"cc.Node","_name":"info-content","_parent":{"__id__":1},"_children":[{"__id__":15},{"__id__":16},{"__id__":17},{"__id__":19},{"__id__":20}],"_components":[{"__type__":"cc.Sprite","node":{"__id__":14},"_spriteFrame":{"__uuid__":"7eB8r/zmFHBoPjzFpzGN/c"},"_sizeMode":2}],"_prefab":{"__type__":"cc.PrefabInfo","root":{"__id__":1},"asset":{"__uuid__":"d2f5c36ihMya4Z5iRcvMVU"},"fileId":"6d29m7gG5JBLstyej7fq0L"},"_contentSize":{"__type__":"cc.Size","width":704,"height":350},"_trs":{"__type__":"TypedArray","ctor":"Float64Array","array":[0,0,0,0,0,0,1,1,1,1]},"_zIndex":0},{"__type__":"cc.Node","_name":"title","_parent":{"__id__":14},"_components":[{"__type__":"cc.Label","node":{"__id__":15},"_string":"ARE YOU SURE TO LEAVE THIS MATCH?","_N$string":"ARE YOU SURE TO LEAVE THIS MATCH?","_fontSize":32,"_N$file":{"__uuid__":"7cdiSNMDRJ5YaLP+hB1G+M"},"_isSystemFontUsed":false}],"_prefab":{"__type__":"cc.PrefabInfo","root":{"__id__":1},"asset":{"__uuid__":"d2f5c36ihMya4Z5iRcvMVU"},"fileId":"c7FKe4OXVOAoGpFGnzJKAU"},"_contentSize":{"__type__":"cc.Size","width":597.56,"height":40},"_trs":{"__type__":"TypedArray","ctor":"Float64Array","array":[0,45,0,0,0,0,1,1,1,1]},"_zIndex":0},{"__type__":"cc.Node","_name":"character","_parent":{"__id__":14},"_components":[{"__type__":"cc.Sprite","node":{"__id__":16},"_spriteFrame":{"__uuid__":"a82+EWkidLjIvwqhHA52dc"}}],"_prefab":{"__type__":"cc.PrefabInfo","root":{"__id__":1},"asset":{"__uuid__":"d2f5c36ihMya4Z5iRcvMVU"},"fileId":"b988z8kpVL16HbtLOlS4Im"},"_contentSize":{"__type__":"cc.Size","width":315,"height":167},"_trs":{"__type__":"TypedArray","ctor":"Float64Array","array":[0,160,0,0,0,0,1,1,1,1]},"_zIndex":0},{"__type__":"cc.Node","_name":"cancelbutton","_parent":{"__id__":14},"_children":[{"__id__":18}],"_components":[{"__type__":"cc.Button","node":{"__id__":17},"_N$transition":3,"transition":3,"_N$pressedColor":{"__type__":"cc.Color","r":255,"g":255,"b":255},"pressedColor":{"__type__":"cc.Color","r":255,"g":255,"b":255},"_N$disabledColor":{"__type__":"cc.Color","r":255,"g":255,"b":255},"_N$pressedSprite":{"__uuid__":"e97GVMl6JHh5Ml5qEDdSGa"},"pressedSprite":{"__uuid__":"e97GVMl6JHh5Ml5qEDdSGa"},"_N$hoverSprite":{"__uuid__":"e97GVMl6JHh5Ml5qEDdSGa"},"hoverSprite":{"__uuid__":"e97GVMl6JHh5Ml5qEDdSGa"},"_N$disabledSprite":{"__uuid__":"29FYIk+N1GYaeWH/q1NxQO"},"_N$target":{"__id__":17}},{"__type__":"cc.Sprite","node":{"__id__":17},"_spriteFrame":{"__uuid__":"84gf/ApXhAVo+u2LotLWv9"}}],"_prefab":{"__type__":"cc.PrefabInfo","root":{"__id__":1},"asset":{"__uuid__":"d2f5c36ihMya4Z5iRcvMVU"},"fileId":"c1kIqRDDtEGJTX0mKVdqLW"},"_contentSize":{"__type__":"cc.Size","width":124,"height":65},"_trs":{"__type__":"TypedArray","ctor":"Float64Array","array":[0,-29,0,0,0,0,1,1,1,1]},"_zIndex":0},{"__type__":"cc.Node","_name":"exit","_parent":{"__id__":17},"_components":[{"__type__":"cc.Label","node":{"__id__":18},"_string":"OK","_N$string":"OK","_fontSize":24,"_lineHeight":26,"_N$file":{"__uuid__":"7cdiSNMDRJ5YaLP+hB1G+M"},"_isSystemFontUsed":false}],"_prefab":{"__type__":"cc.PrefabInfo","root":{"__id__":1},"asset":{"__uuid__":"d2f5c36ihMya4Z5iRcvMVU"},"fileId":"e3zuqdy55Frbq+cvlfk66d"},"_color":{"__type__":"cc.Color","r":146,"g":30,"b":30},"_contentSize":{"__type__":"cc.Size","width":33.67,"height":26},"_trs":{"__type__":"TypedArray","ctor":"Float64Array","array":[0,3,0,0,0,0,1,1,1,1]},"_zIndex":0},{"__type__":"cc.Node","_name":"positivebutton","_parent":{"__id__":14},"_components":[{"__type__":"cc.Sprite","node":{"__id__":19},"_spriteFrame":{"__uuid__":"1aoqgVuwJLX7fxithxwsNg"},"_sizeMode":2},{"__type__":"cc.Button","node":{"__id__":19},"_N$transition":3,"transition":3,"_N$pressedColor":{"__type__":"cc.Color","r":255,"g":255,"b":255},"pressedColor":{"__type__":"cc.Color","r":255,"g":255,"b":255},"_N$disabledColor":{"__type__":"cc.Color","r":255,"g":255,"b":255},"_N$pressedSprite":{"__uuid__":"e97GVMl6JHh5Ml5qEDdSGa"},"pressedSprite":{"__uuid__":"e97GVMl6JHh5Ml5qEDdSGa"},"_N$hoverSprite":{"__uuid__":"e97GVMl6JHh5Ml5qEDdSGa"},"hoverSprite":{"__uuid__":"e97GVMl6JHh5Ml5qEDdSGa"},"_N$disabledSprite":{"__uuid__":"29FYIk+N1GYaeWH/q1NxQO"},"_N$target":{"__id__":19}},{"__type__":"cc.Widget","node":{"__id__":19},"alignMode":0,"_alignFlags":20,"_left":152,"_bottom":116.5,"_horizontalCenter":-85}],"_prefab":{"__type__":"cc.PrefabInfo","root":{"__id__":1},"asset":{"__uuid__":"d2f5c36ihMya4Z5iRcvMVU"},"fileId":"d06r7tMlZAmo4cim9HWDIt"},"_contentSize":{"__type__":"cc.Size","width":133,"height":67},"_trs":{"__type__":"TypedArray","ctor":"Float64Array","array":[-85,-25,0,0,0,0,1,1,1,1]},"_zIndex":0},{"__type__":"cc.Node","_name":"negativebutton","_parent":{"__id__":14},"_children":[{"__id__":21}],"_components":[{"__type__":"cc.Button","node":{"__id__":20},"_N$transition":3,"transition":3,"_N$pressedColor":{"__type__":"cc.Color","r":255,"g":255,"b":255},"pressedColor":{"__type__":"cc.Color","r":255,"g":255,"b":255},"_N$disabledColor":{"__type__":"cc.Color","r":255,"g":255,"b":255},"_N$pressedSprite":{"__uuid__":"e97GVMl6JHh5Ml5qEDdSGa"},"pressedSprite":{"__uuid__":"e97GVMl6JHh5Ml5qEDdSGa"},"_N$hoverSprite":{"__uuid__":"e97GVMl6JHh5Ml5qEDdSGa"},"hoverSprite":{"__uuid__":"e97GVMl6JHh5Ml5qEDdSGa"},"_N$disabledSprite":{"__uuid__":"29FYIk+N1GYaeWH/q1NxQO"},"_N$target":{"__id__":20}},{"__type__":"cc.Widget","node":{"__id__":20},"alignMode":0,"_alignFlags":33,"_right":205,"_top":171.8,"_bottom":269},{"__type__":"cc.Sprite","node":{"__id__":20},"_spriteFrame":{"__uuid__":"84gf/ApXhAVo+u2LotLWv9"}}],"_prefab":{"__type__":"cc.PrefabInfo","root":{"__id__":1},"asset":{"__uuid__":"d2f5c36ihMya4Z5iRcvMVU"},"fileId":"1e3yMx7jZFDoub+Ucc2cqA"},"_contentSize":{"__type__":"cc.Size","width":124,"height":65},"_trs":{"__type__":"TypedArray","ctor":"Float64Array","array":[85,-29.30000000000001,0,0,0,0,1,1,1,1]},"_zIndex":0},{"__type__":"cc.Node","_name":"cancel","_parent":{"__id__":20},"_components":[{"__type__":"cc.Label","node":{"__id__":21},"_string":"CANCEL","_N$string":"CANCEL","_fontSize":24,"_lineHeight":26,"_N$file":{"__uuid__":"7cdiSNMDRJ5YaLP+hB1G+M"},"_isSystemFontUsed":false}],"_prefab":{"__type__":"cc.PrefabInfo","root":{"__id__":1},"asset":{"__uuid__":"d2f5c36ihMya4Z5iRcvMVU"},"fileId":"7djOkUKr1JFYgYspG8lQWd"},"_color":{"__type__":"cc.Color","r":146,"g":30,"b":30},"_contentSize":{"__type__":"cc.Size","width":90.84,"height":26},"_trs":{"__type__":"TypedArray","ctor":"Float64Array","array":[0.7,3,0,0,0,0,1,1,1,1]},"_zIndex":0}],{"__type__":"cc.SpriteFrame","content":{"name":"kill","texture":"17a54a744","rect":[747,162,82,82],"offset":[0,0],"originalSize":[82,82],"capInsets":[0,0,0,0]}},{"__type__":"cc.SpriteFrame","content":{"name":"default_btn_pressed","texture":"b4P/PCArtIdIH38t6mlw8Y","rect":[0,0,40,40],"offset":[0,0],"originalSize":[40,40],"capInsets":[12,12,12,12]}}]